-- MySQL Script generated by MySQL Workbench
-- 12/03/16 16:27:52
-- Model: New Model    Version: 1.0
-- MySQL Workbench Forward Engineering

SET @OLD_UNIQUE_CHECKS=@@UNIQUE_CHECKS, UNIQUE_CHECKS=0;
SET @OLD_FOREIGN_KEY_CHECKS=@@FOREIGN_KEY_CHECKS, FOREIGN_KEY_CHECKS=0;
SET @OLD_SQL_MODE=@@SQL_MODE, SQL_MODE='TRADITIONAL,ALLOW_INVALID_DATES';

-- -----------------------------------------------------
-- Schema lsc_lms
-- -----------------------------------------------------

-- -----------------------------------------------------
-- Schema lsc_lms
-- -----------------------------------------------------
CREATE SCHEMA IF NOT EXISTS `lsc_lms` DEFAULT CHARACTER SET utf8 COLLATE utf8_general_ci ;
USE `lsc_lms` ;

-- -----------------------------------------------------
-- Table `lsc_lms`.`employee`
-- -----------------------------------------------------
CREATE TABLE IF NOT EXISTS `lsc_lms`.`employee` (
  `id` INT(11) NOT NULL AUTO_INCREMENT COMMENT '',
  `username` VARCHAR(255) NOT NULL COMMENT '',
  `auth_key` VARCHAR(32) NULL COMMENT '',
  `password_hash` VARCHAR(255) NULL COMMENT '',
  `password_reset_token` VARCHAR(255) NULL COMMENT '',
  `email` VARCHAR(255) NULL COMMENT '',
  `status` SMALLINT(6) NULL COMMENT '',
  `created_at` INT(11) NULL COMMENT '',
  `updated_at` INT(11) NULL COMMENT '',
  `first_name` VARCHAR(30) NOT NULL COMMENT '',
  `middle_name` VARCHAR(30) NULL COMMENT '',
  `last_name` VARCHAR(30) NOT NULL COMMENT '',
  `gender` ENUM('Female', 'Male') NOT NULL COMMENT '',
  `age` VARCHAR(3) NOT NULL COMMENT '',
  `contact_number` VARCHAR(30) NULL COMMENT '',
  `home_add` VARCHAR(255) NOT NULL COMMENT '',
  `employee_type` ENUM('Tutor', 'Admin') NULL COMMENT '',
  `image` VARCHAR(255) NULL COMMENT '',
  PRIMARY KEY (`id`)  COMMENT '',
  UNIQUE INDEX `id_UNIQUE` (`id` ASC)  COMMENT '',
  UNIQUE INDEX `created_at_UNIQUE` (`created_at` ASC)  COMMENT '')
ENGINE = InnoDB;


--
-- Dumping data for table `employee`
--

INSERT INTO `employee` (`id`, `username`, `auth_key`, `password_hash`, `password_reset_token`, `email`, `status`, `created_at`, `updated_at`, `first_name`, `middle_name`, `last_name`, `gender`, `age`, `contact_number`, `home_add`, `employee_type`, `image`) VALUES
(1, 'jcheramia', 'OIhTdMfQVcUNZwcjnICLyo0R3c9pdbLs', '$2y$13$qLvmL/cXYgap2YmlWZ6Pvep4uwKErB3Cjkom4EyWHU60ejaSQk.FS', NULL, 'jcheramia@student.apc.edu.ph', 10, 1480675786, 1480675786, 'Johanna Marisse', 'Credito', 'Heramia', 'Female', '19', '09261523128', 'P 53 - 20 12th 15th St., Villamor Air Base Pasay, City', 'Admin', NULL),
(2, 'jggardon', 'S26n8F2xCCvf1x_zUJt13uhrzOueeNdg', '$2y$13$cw4CA2.crQLzbKGXJhy5/ez2Jtwcnv.S0mB/E0B2KLQcSJlk1dxWC', NULL, 'jggardon@student.apc.edu.ph', 10, 1480675867, 1480675867, 'Jana Marie', 'Gavarra', 'Gardon', 'Female', '18', '09064902062', 'Mb 16 Unit 507 BCDA Silang Village, USUSAN, Taguig City', 'Tutor', NULL),
(3, 'jgtadeo', 'TFjQKLXiU0zFo-QxY_j7xH82MpKoqyhn', '$2y$13$wcEoEwJuZG43HgDuuUjyF.i1MumolCd/3EROtk9rqocrrbg8lC/Ju', NULL, 'jgtadeo@yahoo.com', 10, 1480675903, 1480675903, 'Jose Lorenzo', 'Gonzales', 'Tadeo', 'Male', '19', '09354811320', '8291  B. Dapitan ST., Guadalupe Nuevo, Makati City', 'Tutor', NULL);

-- --------------------------------------------------------

-- -----------------------------------------------------
-- Table `lsc_lms`.`user`
-- -----------------------------------------------------
CREATE TABLE IF NOT EXISTS `lsc_lms`.`user` (
  `id` INT(11) NOT NULL AUTO_INCREMENT COMMENT '',
  `username` VARCHAR(255) NOT NULL COMMENT '',
  `auth_key` VARCHAR(32) NOT NULL COMMENT '',
  `password_hash` VARCHAR(255) NOT NULL COMMENT '',
  `password_reset_token` VARCHAR(255) NULL COMMENT '',
  `email` VARCHAR(255) NOT NULL COMMENT '',
  `created_at` INT(11) NOT NULL COMMENT '',
  `status` SMALLINT(6) NOT NULL COMMENT '',
  `updated_at` INT(11) NOT NULL COMMENT '',
  `review_class` ENUM('Senior High / College Entrance Review', 'High School Entrance lsc_lms / Science High School Review', 'Civil Service Exam Review', 'Law Aptitude Exam / Law School Admission lsc_lms Review', 'National Medical Admission lsc_lms Review') NOT NULL COMMENT '',
  `first_name` VARCHAR(30) NOT NULL COMMENT '',
  `middle_name` VARCHAR(30) NULL COMMENT '',
  `last_name` VARCHAR(30) NOT NULL COMMENT '',
  `gender` ENUM('Female', 'Male') NOT NULL COMMENT '',
  `contact_number` VARCHAR(30) NOT NULL COMMENT '',
  `home_address` VARCHAR(255) NOT NULL COMMENT '',
  `image` VARCHAR(255) NULL COMMENT '',
  PRIMARY KEY (`id`)  COMMENT '',
  UNIQUE INDEX `id_UNIQUE` (`id` ASC)  COMMENT '')
ENGINE = InnoDB;

--
-- Dumping data for table `user`
--

INSERT INTO `user` (`id`, `username`, `auth_key`, `password_hash`, `password_reset_token`, `email`, `created_at`, `status`, `updated_at`, `review_class`, `first_name`, `middle_name`, `last_name`, `gender`, `contact_number`, `home_address`, `image`) VALUES
(1, 'jcheramia', 'v9SCwzFBXpb0YAdYKRpOVQnFjRW6OKvl', '$2y$13$8mnY7S5d9TnD6n.PRk0HUODuS8jKztuYfATdtuXrwUPlVIgZOPNpK', NULL, 'jcheramia@student.apc.edu.ph', 1480675689, 10, 1480675689, 'Senior High / College Entrance Review', 'Johanna Marisse', 'Credito', 'Heramia', 'Female', '09261523128', 'P 53 - 20 12th 15th St., Villamor Air Base, Pasay City', ''),
(2, 'jggardon', 'vItdpiBtsXqvEVwS2feDWI3EgREtJaHd', '$2y$13$zdi.3jdLN0z6I/VH0jRF8uoEx49XvBMhz.euBIdUtzXUxpQO2XYgW', NULL, 'jggardon@student.apc.edu.ph', 1480675717, 10, 1480675717, 'High School Entrance lsc_lms / Science High School Review', 'Jana Marie', 'Gavarra', 'Gardon', 'Female', '09061234567', 'Mb 16 Unit 507 BCDA Silang Village, USUSAN, Taguig City', ''),
(3, 'jgtadeo', 'hToCY1nEdo1pN3HWXnNJmm7sPeUFe43l', '$2y$13$ymL8ywbWHm.bF1Fhx3HlPOIsUnoIkudELydUVOQjzj9wEDZsG.QC.', NULL, 'jgtadeo@student.apc.edu.ph', 1480675745, 10, 1480675745, 'National Medical Admission lsc_lms Review', 'Jose Lorenzo', 'Gonzales', 'Tadeo', 'Female', '09354811320', 'Guadalupe Makati City', '');

-- -----------------------------------------------------
-- Table `lsc_lms`.`course`
-- -----------------------------------------------------
CREATE TABLE IF NOT EXISTS `lsc_lms`.`course` (
  `id` INT NOT NULL AUTO_INCREMENT COMMENT '',
  `name` VARCHAR(100) NOT NULL COMMENT '',
  `course_description` VARCHAR(200) NULL COMMENT '',
  `time_created` TIME(6) NULL COMMENT '',
  `date_created` DATE NULL COMMENT '',
  `employee_id` INT NOT NULL COMMENT '',
  PRIMARY KEY (`id`, `employee_id`)  COMMENT '',
  UNIQUE INDEX `id_UNIQUE` (`id` ASC)  COMMENT '',
  INDEX `fk_course_employee_idx` (`employee_id` ASC)  COMMENT '',
  CONSTRAINT `fk_course_employee`
    FOREIGN KEY (`employee_id`)
    REFERENCES `lsc_lms`.`employee` (`id`)
    ON DELETE NO ACTION
    ON UPDATE NO ACTION)
ENGINE = InnoDB;


-- -----------------------------------------------------
-- Table `lsc_lms`.`class_list`
-- -----------------------------------------------------
CREATE TABLE IF NOT EXISTS `lsc_lms`.`class_list` (
  `course_id` INT NOT NULL COMMENT '',
  `course_employee_id` INT NOT NULL COMMENT '',
  `user_id` INT(11) NOT NULL COMMENT '',
  PRIMARY KEY (`course_id`, `course_employee_id`, `user_id`)  COMMENT '',
  INDEX `fk_course_has_student_course1_idx` (`course_id` ASC, `course_employee_id` ASC)  COMMENT '',
  INDEX `fk_class_list_user1_idx` (`user_id` ASC)  COMMENT '',
  CONSTRAINT `fk_course_has_student_course1`
    FOREIGN KEY (`course_id` , `course_employee_id`)
    REFERENCES `lsc_lms`.`course` (`id` , `employee_id`)
    ON DELETE NO ACTION
    ON UPDATE NO ACTION,
  CONSTRAINT `fk_class_list_user1`
    FOREIGN KEY (`user_id`)
    REFERENCES `lsc_lms`.`user` (`id`)
    ON DELETE NO ACTION
    ON UPDATE NO ACTION)
ENGINE = InnoDB;


-- -----------------------------------------------------
-- Table `lsc_lms`.`task`
-- -----------------------------------------------------
CREATE TABLE IF NOT EXISTS `lsc_lms`.`task` (
  `id` INT NOT NULL AUTO_INCREMENT COMMENT '',
  `title` VARCHAR(100) NOT NULL COMMENT '',
  `description` VARCHAR(150) NULL COMMENT '',
  `task_type` ENUM('Exam', 'Quiz', 'Exercise', 'Assignment') NULL COMMENT '',
  `created` TIMESTAMP(6) NULL COMMENT '',
  `time_open` TIME(6) NULL COMMENT '',
  `time_close` TIME(6) NULL COMMENT '',
  `date_open` DATE NULL COMMENT '',
  `date_close` DATE NULL COMMENT '',
  `time_remaining` TIME(6) NULL COMMENT '',
  `attempts` INT NULL COMMENT '',
  `course_id` INT NOT NULL COMMENT '',
  `course_employee_id` INT NOT NULL COMMENT '',
  PRIMARY KEY (`id`)  COMMENT '',
  UNIQUE INDEX `id_UNIQUE` (`id` ASC)  COMMENT '',
  INDEX `fk_task_course1_idx` (`course_id` ASC, `course_employee_id` ASC)  COMMENT '',
  CONSTRAINT `fk_task_course1`
    FOREIGN KEY (`course_id` , `course_employee_id`)
    REFERENCES `lsc_lms`.`course` (`id` , `employee_id`)
    ON DELETE NO ACTION
    ON UPDATE NO ACTION)
ENGINE = InnoDB;


-- -----------------------------------------------------
-- Table `lsc_lms`.`ann_calendar`
-- -----------------------------------------------------
CREATE TABLE IF NOT EXISTS `lsc_lms`.`ann_calendar` (
  `id` INT NOT NULL COMMENT '',
  `announcement` VARCHAR(50) NOT NULL COMMENT '',
  `employee_id` INT(11) NOT NULL COMMENT '',
  `task_id` INT NULL COMMENT '',
  PRIMARY KEY (`id`)  COMMENT '',
  INDEX `fk_ann_calendar_employee1_idx` (`employee_id` ASC)  COMMENT '',
  INDEX `fk_ann_calendar_task1_idx` (`task_id` ASC)  COMMENT '',
  CONSTRAINT `fk_ann_calendar_employee1`
    FOREIGN KEY (`employee_id`)
    REFERENCES `lsc_lms`.`employee` (`id`)
    ON DELETE NO ACTION
    ON UPDATE NO ACTION,
  CONSTRAINT `fk_ann_calendar_task1`
    FOREIGN KEY (`task_id`)
    REFERENCES `lsc_lms`.`task` (`id`)
    ON DELETE NO ACTION
    ON UPDATE NO ACTION)
ENGINE = InnoDB;


-- -----------------------------------------------------
-- Table `lsc_lms`.`question`
-- -----------------------------------------------------
CREATE TABLE IF NOT EXISTS `lsc_lms`.`question` (
  `id` INT NOT NULL AUTO_INCREMENT COMMENT '',
  `ask` VARCHAR(255) NOT NULL COMMENT '',
  `image` VARBINARY(8000) NULL COMMENT '',
  `task_id` INT NOT NULL COMMENT '',
  PRIMARY KEY (`id`)  COMMENT '',
  UNIQUE INDEX `id_UNIQUE` (`id` ASC)  COMMENT '',
  INDEX `fk_question_task1_idx` (`task_id` ASC)  COMMENT '',
  CONSTRAINT `fk_question_task1`
    FOREIGN KEY (`task_id`)
    REFERENCES `lsc_lms`.`task` (`id`)
    ON DELETE NO ACTION
    ON UPDATE NO ACTION)
ENGINE = InnoDB;


-- -----------------------------------------------------
-- Table `lsc_lms`.`choice`
-- -----------------------------------------------------
CREATE TABLE IF NOT EXISTS `lsc_lms`.`choice` (
  `id` INT NOT NULL AUTO_INCREMENT COMMENT '',
  `choose` VARCHAR(255) NOT NULL COMMENT '',
  `is_correct` VARCHAR(255) NOT NULL COMMENT '',
  `question_id` INT NOT NULL COMMENT '',
  PRIMARY KEY (`id`, `question_id`)  COMMENT '',
  UNIQUE INDEX `id_UNIQUE` (`id` ASC)  COMMENT '',
  INDEX `fk_choice_question1_idx` (`question_id` ASC)  COMMENT '',
  CONSTRAINT `fk_choice_question1`
    FOREIGN KEY (`question_id`)
    REFERENCES `lsc_lms`.`question` (`id`)
    ON DELETE NO ACTION
    ON UPDATE NO ACTION)
ENGINE = InnoDB;


-- -----------------------------------------------------
-- Table `lsc_lms`.`stud_answer`
-- -----------------------------------------------------
CREATE TABLE IF NOT EXISTS `lsc_lms`.`stud_answer` (
  `choice_id` INT NOT NULL COMMENT '',
  `choice_question_id` INT NOT NULL COMMENT '',
  `user_id` INT(11) NOT NULL COMMENT '',
  PRIMARY KEY (`choice_id`, `choice_question_id`, `user_id`)  COMMENT '',
  INDEX `fk_stud_answer_user1_idx` (`user_id` ASC)  COMMENT '',
  CONSTRAINT `fk_stud_answer_choice1`
    FOREIGN KEY (`choice_id` , `choice_question_id`)
    REFERENCES `lsc_lms`.`choice` (`id` , `question_id`)
    ON DELETE NO ACTION
    ON UPDATE NO ACTION,
  CONSTRAINT `fk_stud_answer_user1`
    FOREIGN KEY (`user_id`)
    REFERENCES `lsc_lms`.`user` (`id`)
    ON DELETE NO ACTION
    ON UPDATE NO ACTION)
ENGINE = InnoDB;


-- -----------------------------------------------------
-- Table `lsc_lms`.`schedule`
-- -----------------------------------------------------
CREATE TABLE IF NOT EXISTS `lsc_lms`.`schedule` (
  `id` INT NOT NULL AUTO_INCREMENT COMMENT '',
  `subject` VARCHAR(100) NOT NULL COMMENT '',
  `day` ENUM('Monday', 'Tuesday', 'Wednesday', 'Thursday', 'Friday', 'Saturday') NOT NULL COMMENT '',
  `schedule` VARCHAR(17) NOT NULL COMMENT '',
  PRIMARY KEY (`id`)  COMMENT '',
  UNIQUE INDEX `id_UNIQUE` (`id` ASC)  COMMENT '')
ENGINE = InnoDB;


-- -----------------------------------------------------
-- Table `lsc_lms`.`attendance`
-- -----------------------------------------------------
CREATE TABLE IF NOT EXISTS `lsc_lms`.`attendance` (
  `status` ENUM('Absent', 'Late', 'Excuse', 'Present') NOT NULL COMMENT '',
  `class_list_course_id` INT NOT NULL COMMENT '',
  `class_list_course_employee_id` INT NOT NULL COMMENT '',
  `class_list_user_id` INT(11) NOT NULL COMMENT '',
  `schedule_id` INT NOT NULL COMMENT '',
  PRIMARY KEY (`class_list_course_id`, `class_list_course_employee_id`, `class_list_user_id`, `schedule_id`)  COMMENT '',
  INDEX `fk_attendance_schedule1_idx` (`schedule_id` ASC)  COMMENT '',
  CONSTRAINT `fk_attendance_class_list1`
    FOREIGN KEY (`class_list_course_id` , `class_list_course_employee_id` , `class_list_user_id`)
    REFERENCES `lsc_lms`.`class_list` (`course_id` , `course_employee_id` , `user_id`)
    ON DELETE NO ACTION
    ON UPDATE NO ACTION,
  CONSTRAINT `fk_attendance_schedule1`
    FOREIGN KEY (`schedule_id`)
    REFERENCES `lsc_lms`.`schedule` (`id`)
    ON DELETE NO ACTION
    ON UPDATE NO ACTION)
ENGINE = InnoDB;


-- -----------------------------------------------------
-- Table `lsc_lms`.`result`
-- -----------------------------------------------------
CREATE TABLE IF NOT EXISTS `lsc_lms`.`result` (
  `id` INT NOT NULL AUTO_INCREMENT COMMENT '',
  `feedback` VARCHAR(100) NOT NULL COMMENT '',
  `score` INT NOT NULL COMMENT '',
  `grade` INT NOT NULL COMMENT '',
  `min_grade` INT NULL COMMENT '',
  `max_grade` INT NULL COMMENT '',
  `stud_answer_choice_id` INT NOT NULL COMMENT '',
  `stud_answer_choice_question_id` INT NOT NULL COMMENT '',
  `stud_answer_user_id` INT(11) NOT NULL COMMENT '',
  INDEX `fk_result_stud_answer1_idx` (`stud_answer_choice_id` ASC, `stud_answer_choice_question_id` ASC, `stud_answer_user_id` ASC)  COMMENT '',
  PRIMARY KEY (`id`)  COMMENT '',
  UNIQUE INDEX `id_UNIQUE` (`id` ASC)  COMMENT '',
  CONSTRAINT `fk_result_stud_answer1`
    FOREIGN KEY (`stud_answer_choice_id` , `stud_answer_choice_question_id` , `stud_answer_user_id`)
    REFERENCES `lsc_lms`.`stud_answer` (`choice_id` , `choice_question_id` , `user_id`)
    ON DELETE NO ACTION
    ON UPDATE NO ACTION)
ENGINE = InnoDB;


-- -----------------------------------------------------
-- Table `lsc_lms`.`auth_rule`
-- -----------------------------------------------------
CREATE TABLE IF NOT EXISTS `lsc_lms`.`auth_rule` (
  `name` VARCHAR(64) NOT NULL COMMENT '',
  `data` TEXT(100) NULL COMMENT '',
  `created_at` DATE NULL COMMENT '',
  `updated_at` DATE NULL COMMENT '',
  PRIMARY KEY (`name`)  COMMENT '')
ENGINE = InnoDB;


-- -----------------------------------------------------
-- Table `lsc_lms`.`auth_item`
-- -----------------------------------------------------
CREATE TABLE IF NOT EXISTS `lsc_lms`.`auth_item` (
  `name` VARCHAR(64) NOT NULL COMMENT '',
  `type` VARCHAR(45) NOT NULL COMMENT '',
  `description` TEXT(100) NULL COMMENT '',
  `data` TEXT(100) NULL COMMENT '',
  `created_at` DATE NULL COMMENT '',
  `updated_at` DATE NULL COMMENT '',
  `auth_rule_name` VARCHAR(64) NULL COMMENT '',
  PRIMARY KEY (`name`)  COMMENT '',
  INDEX `fk_auth_item_auth_rule1_idx` (`auth_rule_name` ASC)  COMMENT '',
  CONSTRAINT `fk_auth_item_auth_rule1`
    FOREIGN KEY (`auth_rule_name`)
    REFERENCES `lsc_lms`.`auth_rule` (`name`)
    ON DELETE NO ACTION
    ON UPDATE NO ACTION)
ENGINE = InnoDB;


--
-- Dumping data for table `auth_item`
--

INSERT INTO `auth_item` (`name`, `type`, `description`, `data`, `created_at`, `updated_at`, `auth_rule_name`) VALUES
('add-course', '2', NULL, NULL, NULL, NULL, NULL),
('add-task', '2', NULL, NULL, NULL, NULL, NULL),
('admin', '1', 'Group for ADMINS', NULL, NULL, NULL, NULL),
('delete-course', '2', NULL, NULL, NULL, NULL, NULL),
('delete-student', '2', NULL, NULL, NULL, NULL, NULL),
('delete-task', '2', NULL, NULL, NULL, NULL, NULL),
('instructor', '1', 'Group for INSTRUCTORS', NULL, NULL, NULL, NULL),
('student', '1', 'Group for STUDENTS', NULL, NULL, NULL, NULL),
('take-task', '2', NULL, NULL, NULL, NULL, NULL),
('update-course', '2', NULL, NULL, NULL, NULL, NULL),
('update-student', '2', NULL, NULL, NULL, NULL, NULL),
('update-task', '2', NULL, NULL, NULL, NULL, NULL),
('view-course', '2', NULL, NULL, NULL, NULL, NULL),
('view-grade', '2', NULL, NULL, NULL, NULL, NULL),
('view-student', '2', NULL, NULL, NULL, NULL, NULL),
('view-task', '2', NULL, NULL, NULL, NULL, NULL);

-- --------------------------------------------------------

-- -----------------------------------------------------
-- Table `lsc_lms`.`auth_assignment`
-- -----------------------------------------------------
CREATE TABLE IF NOT EXISTS `lsc_lms`.`auth_assignment` (
  `user_id` INT(11) NULL COMMENT '',
  `employee_id` INT(11) NULL COMMENT '',
  `auth_item_name` VARCHAR(64) NOT NULL COMMENT '',
  `created_at` TIMESTAMP(6) NULL COMMENT '',
  INDEX `fk_auth_assignment_auth_item1_idx` (`auth_item_name` ASC)  COMMENT '',
  INDEX `fk_auth_assignment_employee1_idx` (`employee_id` ASC)  COMMENT '',
  PRIMARY KEY (`auth_item_name`)  COMMENT '',
  CONSTRAINT `fk_auth_assignment_user1`
    FOREIGN KEY (`user_id`)
    REFERENCES `lsc_lms`.`user` (`id`)
    ON DELETE NO ACTION
    ON UPDATE NO ACTION,
  CONSTRAINT `fk_auth_assignment_auth_item1`
    FOREIGN KEY (`auth_item_name`)
    REFERENCES `lsc_lms`.`auth_item` (`name`)
    ON DELETE NO ACTION
    ON UPDATE NO ACTION,
  CONSTRAINT `fk_auth_assignment_employee1`
    FOREIGN KEY (`employee_id`)
    REFERENCES `lsc_lms`.`employee` (`id`)
    ON DELETE NO ACTION
    ON UPDATE NO ACTION)
ENGINE = InnoDB;


-- -----------------------------------------------------
-- Table `lsc_lms`.`auth_item_child`
-- -----------------------------------------------------
CREATE TABLE IF NOT EXISTS `lsc_lms`.`auth_item_child` (
  `auth_item_name` VARCHAR(64) NOT NULL COMMENT '',
  `auth_item_name1` VARCHAR(64) NOT NULL COMMENT '',
  PRIMARY KEY (`auth_item_name`, `auth_item_name1`)  COMMENT '',
  INDEX `fk_auth_item_has_auth_item_auth_item2_idx` (`auth_item_name1` ASC)  COMMENT '',
  INDEX `fk_auth_item_has_auth_item_auth_item1_idx` (`auth_item_name` ASC)  COMMENT '',
  CONSTRAINT `fk_auth_item_has_auth_item_auth_item1`
    FOREIGN KEY (`auth_item_name`)
    REFERENCES `lsc_lms`.`auth_item` (`name`)
    ON DELETE NO ACTION
    ON UPDATE NO ACTION,
  CONSTRAINT `fk_auth_item_has_auth_item_auth_item2`
    FOREIGN KEY (`auth_item_name1`)
    REFERENCES `lsc_lms`.`auth_item` (`name`)
    ON DELETE NO ACTION
    ON UPDATE NO ACTION)
ENGINE = InnoDB;


SET SQL_MODE=@OLD_SQL_MODE;
SET FOREIGN_KEY_CHECKS=@OLD_FOREIGN_KEY_CHECKS;
SET UNIQUE_CHECKS=@OLD_UNIQUE_CHECKS;


--
-- Dumping data for table `auth_item_child`
--

INSERT INTO `auth_item_child` (`auth_item_name`, `auth_item_name1`) VALUES
('instructor', 'add-course'),
('instructor', 'add-task'),
('instructor', 'delete-course'),
('instructor', 'delete-task'),
('instructor', 'update-course'),
('instructor', 'update-task'),
('instructor', 'view-course'),
('instructor', 'view-grade'),
('instructor', 'view-student'),
('instructor', 'view-task'),
('student', 'take-task'),
('student', 'update-student'),
('student', 'view-course'),
('student', 'view-grade'),
('student', 'view-student'),
('student', 'view-task');

-- --------------------------------------------------------
